"Part";"Value";"Device";"Package";"Description";"POPULARITY";"SPICEPREFIX";
"B1";"P312";"P312";"P312_CLIP";"";"";"";
"B2";"P312";"P312";"P312_CLIP";"";"";"";
"B3";"P312";"P312";"P312_CLIP";"";"";"";
"C1";"";"C-EUC0805";"C0805";"CAPACITOR, European symbol";"88";"C";
"C2";"";"C-EUC0805";"C0805";"CAPACITOR, European symbol";"88";"C";
"C3";"";"C-EUC0805";"C0805";"CAPACITOR, European symbol";"88";"C";
"C4";"";"C-EUC0805";"C0805";"CAPACITOR, European symbol";"88";"C";
"C5";"";"C-EUC0805";"C0805";"CAPACITOR, European symbol";"88";"C";
"C6";"";"C-EUC0805";"C0805";"CAPACITOR, European symbol";"88";"C";
"C7";"";"C-EUC0805";"C0805";"CAPACITOR, European symbol";"88";"C";
"C8";"";"C-EUC0805";"C0805";"CAPACITOR, European symbol";"88";"C";
"C9";"";"C-EUC0805";"C0805";"CAPACITOR, European symbol";"88";"C";
"C10";"";"C-EUC0805";"C0805";"CAPACITOR, European symbol";"88";"C";
"D1";"SMD-LX0707RGB-TR";"SMD-LX0707RGB-TR";"SMD-LX0707RGB-TR";"";"";"";
"D2";"SMD-LX0707RGB-TR";"SMD-LX0707RGB-TR";"SMD-LX0707RGB-TR";"";"";"";
"D3";"SMD-LX0707RGB-TR";"SMD-LX0707RGB-TR";"SMD-LX0707RGB-TR";"";"";"";
"D4";"SMD-LX0707RGB-TR";"SMD-LX0707RGB-TR";"SMD-LX0707RGB-TR";"";"";"";
"D5";"SMD-LX0707RGB-TR";"SMD-LX0707RGB-TR";"SMD-LX0707RGB-TR";"";"";"";
"D6";"SMD-LX0707RGB-TR";"SMD-LX0707RGB-TR";"SMD-LX0707RGB-TR";"";"";"";
"D7";"SMD-LX0707RGB-TR";"SMD-LX0707RGB-TR";"SMD-LX0707RGB-TR";"";"";"";
"D8";"SMD-LX0707RGB-TR";"SMD-LX0707RGB-TR";"SMD-LX0707RGB-TR";"";"";"";
"D9";"SMD-LX0707RGB-TR";"SMD-LX0707RGB-TR";"SMD-LX0707RGB-TR";"";"";"";
"D10";"SMD-LX0707RGB-TR";"SMD-LX0707RGB-TR";"SMD-LX0707RGB-TR";"";"";"";
"D11";"SMD-LX0707RGB-TR";"SMD-LX0707RGB-TR";"SMD-LX0707RGB-TR";"";"";"";
"D12";"SMD-LX0707RGB-TR";"SMD-LX0707RGB-TR";"SMD-LX0707RGB-TR";"";"";"";
"D13";"SMD-LX0707RGB-TR";"SMD-LX0707RGB-TR";"SMD-LX0707RGB-TR";"";"";"";
"D14";"SMD-LX0707RGB-TR";"SMD-LX0707RGB-TR";"SMD-LX0707RGB-TR";"";"";"";
"D15";"SMD-LX0707RGB-TR";"SMD-LX0707RGB-TR";"SMD-LX0707RGB-TR";"";"";"";
"D16";"SMD-LX0707RGB-TR";"SMD-LX0707RGB-TR";"SMD-LX0707RGB-TR";"";"";"";
"D17";"SMD-LX0707RGB-TR";"SMD-LX0707RGB-TR";"SMD-LX0707RGB-TR";"";"";"";
"D18";"SMD-LX0707RGB-TR";"SMD-LX0707RGB-TR";"SMD-LX0707RGB-TR";"";"";"";
"D19";"SMD-LX0707RGB-TR";"SMD-LX0707RGB-TR";"SMD-LX0707RGB-TR";"";"";"";
"D20";"SMD-LX0707RGB-TR";"SMD-LX0707RGB-TR";"SMD-LX0707RGB-TR";"";"";"";
"D21";"SMD-LX0707RGB-TR";"SMD-LX0707RGB-TR";"SMD-LX0707RGB-TR";"";"";"";
"D22";"SMD-LX0707RGB-TR";"SMD-LX0707RGB-TR";"SMD-LX0707RGB-TR";"";"";"";
"D23";"SMD-LX0707RGB-TR";"SMD-LX0707RGB-TR";"SMD-LX0707RGB-TR";"";"";"";
"D24";"SMD-LX0707RGB-TR";"SMD-LX0707RGB-TR";"SMD-LX0707RGB-TR";"";"";"";
"D25";"SMD-LX0707RGB-TR";"SMD-LX0707RGB-TR";"SMD-LX0707RGB-TR";"";"";"";
"D26";"SMD-LX0707RGB-TR";"SMD-LX0707RGB-TR";"SMD-LX0707RGB-TR";"";"";"";
"D27";"SMD-LX0707RGB-TR";"SMD-LX0707RGB-TR";"SMD-LX0707RGB-TR";"";"";"";
"D28";"SMD-LX0707RGB-TR";"SMD-LX0707RGB-TR";"SMD-LX0707RGB-TR";"";"";"";
"D29";"SMD-LX0707RGB-TR";"SMD-LX0707RGB-TR";"SMD-LX0707RGB-TR";"";"";"";
"D30";"SMD-LX0707RGB-TR";"SMD-LX0707RGB-TR";"SMD-LX0707RGB-TR";"";"";"";
"D31";"SMD-LX0707RGB-TR";"SMD-LX0707RGB-TR";"SMD-LX0707RGB-TR";"";"";"";
"D32";"SMD-LX0707RGB-TR";"SMD-LX0707RGB-TR";"SMD-LX0707RGB-TR";"";"";"";
"D33";"SMD-LX0707RGB-TR";"SMD-LX0707RGB-TR";"SMD-LX0707RGB-TR";"";"";"";
"D34";"SMD-LX0707RGB-TR";"SMD-LX0707RGB-TR";"SMD-LX0707RGB-TR";"";"";"";
"D35";"SMD-LX0707RGB-TR";"SMD-LX0707RGB-TR";"SMD-LX0707RGB-TR";"";"";"";
"D36";"SMD-LX0707RGB-TR";"SMD-LX0707RGB-TR";"SMD-LX0707RGB-TR";"";"";"";
"D37";"SMD-LX0707RGB-TR";"SMD-LX0707RGB-TR";"SMD-LX0707RGB-TR";"";"";"";
"D38";"SMD-LX0707RGB-TR";"SMD-LX0707RGB-TR";"SMD-LX0707RGB-TR";"";"";"";
"D39";"SMD-LX0707RGB-TR";"SMD-LX0707RGB-TR";"SMD-LX0707RGB-TR";"";"";"";
"D40";"SMD-LX0707RGB-TR";"SMD-LX0707RGB-TR";"SMD-LX0707RGB-TR";"";"";"";
"D41";"SMD-LX0707RGB-TR";"SMD-LX0707RGB-TR";"SMD-LX0707RGB-TR";"";"";"";
"D42";"SMD-LX0707RGB-TR";"SMD-LX0707RGB-TR";"SMD-LX0707RGB-TR";"";"";"";
"D43";"SMD-LX0707RGB-TR";"SMD-LX0707RGB-TR";"SMD-LX0707RGB-TR";"";"";"";
"D44";"SMD-LX0707RGB-TR";"SMD-LX0707RGB-TR";"SMD-LX0707RGB-TR";"";"";"";
"D45";"SMD-LX0707RGB-TR";"SMD-LX0707RGB-TR";"SMD-LX0707RGB-TR";"";"";"";
"D46";"SMD-LX0707RGB-TR";"SMD-LX0707RGB-TR";"SMD-LX0707RGB-TR";"";"";"";
"D47";"SMD-LX0707RGB-TR";"SMD-LX0707RGB-TR";"SMD-LX0707RGB-TR";"";"";"";
"D48";"SMD-LX0707RGB-TR";"SMD-LX0707RGB-TR";"SMD-LX0707RGB-TR";"";"";"";
"D49";"SMD-LX0707RGB-TR";"SMD-LX0707RGB-TR";"SMD-LX0707RGB-TR";"";"";"";
"D50";"SMD-LX0707RGB-TR";"SMD-LX0707RGB-TR";"SMD-LX0707RGB-TR";"";"";"";
"D51";"SMD-LX0707RGB-TR";"SMD-LX0707RGB-TR";"SMD-LX0707RGB-TR";"";"";"";
"D52";"SMD-LX0707RGB-TR";"SMD-LX0707RGB-TR";"SMD-LX0707RGB-TR";"";"";"";
"D53";"SMD-LX0707RGB-TR";"SMD-LX0707RGB-TR";"SMD-LX0707RGB-TR";"";"";"";
"D54";"SMD-LX0707RGB-TR";"SMD-LX0707RGB-TR";"SMD-LX0707RGB-TR";"";"";"";
"D55";"SMD-LX0707RGB-TR";"SMD-LX0707RGB-TR";"SMD-LX0707RGB-TR";"";"";"";
"D56";"SMD-LX0707RGB-TR";"SMD-LX0707RGB-TR";"SMD-LX0707RGB-TR";"";"";"";
"D57";"SMD-LX0707RGB-TR";"SMD-LX0707RGB-TR";"SMD-LX0707RGB-TR";"";"";"";
"D58";"SMD-LX0707RGB-TR";"SMD-LX0707RGB-TR";"SMD-LX0707RGB-TR";"";"";"";
"D59";"SMD-LX0707RGB-TR";"SMD-LX0707RGB-TR";"SMD-LX0707RGB-TR";"";"";"";
"D60";"SMD-LX0707RGB-TR";"SMD-LX0707RGB-TR";"SMD-LX0707RGB-TR";"";"";"";
"J1";"JMP";"JMP";"SOLDER_JMP";"";"";"";
"L1";"";"L-EUL3216C";"L3216C";"INDUCTOR, European symbol";"2";"L";
"R1";"";"R-US_R0805";"R0805";"RESISTOR, American symbol";"85";"R";
"R2";"";"R-US_R0805";"R0805";"RESISTOR, American symbol";"85";"R";
"R3";"";"R-US_R0805";"R0805";"RESISTOR, American symbol";"85";"R";
"U1";"LTC3525";"LTC3525";"SOP65P210X100-6N";"";"";"";
"U2";"MXC6255XU";"MXC6255XU";"RESCAV110P300X300X105-6N";"";"";"";
"U3";"ATTINY202";"ATTINY202";"SOIC127P600X175-8N";"";"";"";
