D1, 28.00, 49.50, 180.00, SMD-LX0707RGB-TR, SMD-LX0707RGB-TR
D10, 10.61, 40.64, 234.00, SMD-LX0707RGB-TR, SMD-LX0707RGB-TR
D11, 9.38, 38.75, 240.00, SMD-LX0707RGB-TR, SMD-LX0707RGB-TR
D12, 8.36, 36.74, 246.00, SMD-LX0707RGB-TR, SMD-LX0707RGB-TR
D13, 7.55, 34.64, 252.00, SMD-LX0707RGB-TR, SMD-LX0707RGB-TR
D14, 6.97, 32.47, 258.00, SMD-LX0707RGB-TR, SMD-LX0707RGB-TR
D15, 6.62, 30.25, 264.00, SMD-LX0707RGB-TR, SMD-LX0707RGB-TR
D16, 6.50, 28.00, 270.00, SMD-LX0707RGB-TR, SMD-LX0707RGB-TR
D17, 6.62, 25.75, 276.00, SMD-LX0707RGB-TR, SMD-LX0707RGB-TR
D18, 6.97, 23.53, 282.00, SMD-LX0707RGB-TR, SMD-LX0707RGB-TR
D19, 7.55, 21.36, 288.00, SMD-LX0707RGB-TR, SMD-LX0707RGB-TR
D2, 25.75, 49.38, 186.00, SMD-LX0707RGB-TR, SMD-LX0707RGB-TR
D20, 8.36, 19.26, 294.00, SMD-LX0707RGB-TR, SMD-LX0707RGB-TR
D21, 9.38, 17.25, 300.00, SMD-LX0707RGB-TR, SMD-LX0707RGB-TR
D22, 10.61, 15.36, 306.00, SMD-LX0707RGB-TR, SMD-LX0707RGB-TR
D23, 12.02, 13.61, 312.00, SMD-LX0707RGB-TR, SMD-LX0707RGB-TR
D24, 13.61, 12.02, 318.00, SMD-LX0707RGB-TR, SMD-LX0707RGB-TR
D25, 15.36, 10.61, 324.00, SMD-LX0707RGB-TR, SMD-LX0707RGB-TR
D26, 17.25, 9.38, 330.00, SMD-LX0707RGB-TR, SMD-LX0707RGB-TR
D27, 19.26, 8.36, 336.00, SMD-LX0707RGB-TR, SMD-LX0707RGB-TR
D28, 21.36, 7.55, 342.00, SMD-LX0707RGB-TR, SMD-LX0707RGB-TR
D29, 23.53, 6.97, 348.00, SMD-LX0707RGB-TR, SMD-LX0707RGB-TR
D3, 23.53, 49.03, 192.00, SMD-LX0707RGB-TR, SMD-LX0707RGB-TR
D30, 25.75, 6.62, 354.00, SMD-LX0707RGB-TR, SMD-LX0707RGB-TR
D31, 28.00, 6.50, 0.00, SMD-LX0707RGB-TR, SMD-LX0707RGB-TR
D32, 30.25, 6.62, 6.00, SMD-LX0707RGB-TR, SMD-LX0707RGB-TR
D33, 32.47, 6.97, 12.00, SMD-LX0707RGB-TR, SMD-LX0707RGB-TR
D34, 34.64, 7.55, 18.00, SMD-LX0707RGB-TR, SMD-LX0707RGB-TR
D35, 36.74, 8.36, 24.00, SMD-LX0707RGB-TR, SMD-LX0707RGB-TR
D36, 38.75, 9.38, 30.00, SMD-LX0707RGB-TR, SMD-LX0707RGB-TR
D37, 40.64, 10.61, 36.00, SMD-LX0707RGB-TR, SMD-LX0707RGB-TR
D38, 42.39, 12.02, 42.00, SMD-LX0707RGB-TR, SMD-LX0707RGB-TR
D39, 43.98, 13.61, 48.00, SMD-LX0707RGB-TR, SMD-LX0707RGB-TR
D4, 21.36, 48.45, 198.00, SMD-LX0707RGB-TR, SMD-LX0707RGB-TR
D40, 45.39, 15.36, 54.00, SMD-LX0707RGB-TR, SMD-LX0707RGB-TR
D41, 46.62, 17.25, 60.00, SMD-LX0707RGB-TR, SMD-LX0707RGB-TR
D42, 47.64, 19.26, 66.00, SMD-LX0707RGB-TR, SMD-LX0707RGB-TR
D43, 48.45, 21.36, 72.00, SMD-LX0707RGB-TR, SMD-LX0707RGB-TR
D44, 49.03, 23.53, 78.00, SMD-LX0707RGB-TR, SMD-LX0707RGB-TR
D45, 49.38, 25.75, 84.00, SMD-LX0707RGB-TR, SMD-LX0707RGB-TR
D46, 49.50, 28.00, 90.00, SMD-LX0707RGB-TR, SMD-LX0707RGB-TR
D47, 49.38, 30.25, 96.00, SMD-LX0707RGB-TR, SMD-LX0707RGB-TR
D48, 49.03, 32.47, 102.00, SMD-LX0707RGB-TR, SMD-LX0707RGB-TR
D49, 48.45, 34.64, 108.00, SMD-LX0707RGB-TR, SMD-LX0707RGB-TR
D5, 19.26, 47.64, 204.00, SMD-LX0707RGB-TR, SMD-LX0707RGB-TR
D50, 47.64, 36.74, 114.00, SMD-LX0707RGB-TR, SMD-LX0707RGB-TR
D51, 46.62, 38.75, 120.00, SMD-LX0707RGB-TR, SMD-LX0707RGB-TR
D52, 45.39, 40.64, 126.00, SMD-LX0707RGB-TR, SMD-LX0707RGB-TR
D53, 43.98, 42.39, 132.00, SMD-LX0707RGB-TR, SMD-LX0707RGB-TR
D54, 42.39, 43.98, 138.00, SMD-LX0707RGB-TR, SMD-LX0707RGB-TR
D55, 40.64, 45.39, 144.00, SMD-LX0707RGB-TR, SMD-LX0707RGB-TR
D56, 38.75, 46.62, 150.00, SMD-LX0707RGB-TR, SMD-LX0707RGB-TR
D57, 36.74, 47.64, 156.00, SMD-LX0707RGB-TR, SMD-LX0707RGB-TR
D58, 34.64, 48.45, 162.00, SMD-LX0707RGB-TR, SMD-LX0707RGB-TR
D59, 32.47, 49.03, 168.00, SMD-LX0707RGB-TR, SMD-LX0707RGB-TR
D6, 17.25, 46.62, 210.00, SMD-LX0707RGB-TR, SMD-LX0707RGB-TR
D60, 30.25, 49.38, 174.00, SMD-LX0707RGB-TR, SMD-LX0707RGB-TR
D7, 15.36, 45.39, 216.00, SMD-LX0707RGB-TR, SMD-LX0707RGB-TR
D8, 13.61, 43.98, 222.00, SMD-LX0707RGB-TR, SMD-LX0707RGB-TR
D9, 12.02, 42.39, 228.00, SMD-LX0707RGB-TR, SMD-LX0707RGB-TR
