"Part";"Value";"Device";"Package";"Description";"POPULARITY";"SPICEPREFIX";
"B1";"P312";"P312";"P312_CLIP";"";"";"";
"B2";"P312";"P312";"P312_CLIP";"";"";"";
"B3";"P312";"P312";"P312_CLIP";"";"";"";
"C1";"";"C-EUC0402";"C0402";"CAPACITOR, European symbol";"18";"C";
"C2";"";"C-EUC0402";"C0402";"CAPACITOR, European symbol";"18";"C";
"C3";"";"C-EUC0402";"C0402";"CAPACITOR, European symbol";"18";"C";
"D1";"FM-Z2727RGBA-SH";"FM-Z2727RGBA-SH";"SMD_2.8X2.7MM";"";"";"";
"D2";"FM-Z2727RGBA-SH";"FM-Z2727RGBA-SH";"SMD_2.8X2.7MM";"";"";"";
"D3";"FM-Z2727RGBA-SH";"FM-Z2727RGBA-SH";"SMD_2.8X2.7MM";"";"";"";
"D4";"FM-Z2727RGBA-SH";"FM-Z2727RGBA-SH";"SMD_2.8X2.7MM";"";"";"";
"D5";"FM-Z2727RGBA-SH";"FM-Z2727RGBA-SH";"SMD_2.8X2.7MM";"";"";"";
"D6";"FM-Z2727RGBA-SH";"FM-Z2727RGBA-SH";"SMD_2.8X2.7MM";"";"";"";
"D7";"FM-Z2727RGBA-SH";"FM-Z2727RGBA-SH";"SMD_2.8X2.7MM";"";"";"";
"D8";"FM-Z2727RGBA-SH";"FM-Z2727RGBA-SH";"SMD_2.8X2.7MM";"";"";"";
"D9";"FM-Z2727RGBA-SH";"FM-Z2727RGBA-SH";"SMD_2.8X2.7MM";"";"";"";
"D10";"FM-Z2727RGBA-SH";"FM-Z2727RGBA-SH";"SMD_2.8X2.7MM";"";"";"";
"D11";"FM-Z2727RGBA-SH";"FM-Z2727RGBA-SH";"SMD_2.8X2.7MM";"";"";"";
"D12";"FM-Z2727RGBA-SH";"FM-Z2727RGBA-SH";"SMD_2.8X2.7MM";"";"";"";
"R1";"";"R-US_R0805";"R0805";"RESISTOR, American symbol";"85";"R";
"R2";"";"R-US_R0805";"R0805";"RESISTOR, American symbol";"85";"R";
"R3";"";"R-US_R0805";"R0805";"RESISTOR, American symbol";"85";"R";
"R4";"";"R-US_R0805";"R0805";"RESISTOR, American symbol";"85";"R";
"R5";"";"R-US_R0805";"R0805";"RESISTOR, American symbol";"85";"R";
"R6";"";"R-US_R0805";"R0805";"RESISTOR, American symbol";"85";"R";
"R7";"";"R-US_R0805";"R0805";"RESISTOR, American symbol";"85";"R";
"R8";"";"R-US_R0805";"R0805";"RESISTOR, American symbol";"85";"R";
"R9";"";"R-US_R0805";"R0805";"RESISTOR, American symbol";"85";"R";
"R10";"";"R-US_R0805";"R0805";"RESISTOR, American symbol";"85";"R";
"R11";"";"R-US_R0805";"R0805";"RESISTOR, American symbol";"85";"R";
"R12";"";"R-US_R0805";"R0805";"RESISTOR, American symbol";"85";"R";
"R13";"";"R-US_R0402";"R0402";"RESISTOR, American symbol";"34";"R";
"U1";"PIC32MM0064GPL020-I/ML";"PIC32MM0064GPL020-I/ML";"QFN50P400X400X100-21T280N";"";"";"";
"U2";"SGM2200";"SGM2200";"SOT23";"";"";"";
