D1, 17.25, 46.62, 210.00, SMD-LX0707RGB-TR, SMD-LX0707RGB-TR
D10, 6.62, 30.25, 264.00, SMD-LX0707RGB-TR, SMD-LX0707RGB-TR
D11, 6.50, 28.00, 270.00, SMD-LX0707RGB-TR, SMD-LX0707RGB-TR
D12, 6.62, 25.75, 276.00, SMD-LX0707RGB-TR, SMD-LX0707RGB-TR
D13, 6.97, 23.53, 282.00, SMD-LX0707RGB-TR, SMD-LX0707RGB-TR
D14, 7.55, 21.36, 288.00, SMD-LX0707RGB-TR, SMD-LX0707RGB-TR
D15, 8.36, 19.26, 294.00, SMD-LX0707RGB-TR, SMD-LX0707RGB-TR
D16, 9.38, 17.25, 300.00, SMD-LX0707RGB-TR, SMD-LX0707RGB-TR
D17, 10.61, 15.36, 306.00, SMD-LX0707RGB-TR, SMD-LX0707RGB-TR
D18, 12.02, 13.61, 312.00, SMD-LX0707RGB-TR, SMD-LX0707RGB-TR
D19, 13.61, 12.02, 318.00, SMD-LX0707RGB-TR, SMD-LX0707RGB-TR
D2, 15.36, 45.39, 216.00, SMD-LX0707RGB-TR, SMD-LX0707RGB-TR
D20, 15.36, 10.61, 324.00, SMD-LX0707RGB-TR, SMD-LX0707RGB-TR
D21, 17.25, 9.38, 330.00, SMD-LX0707RGB-TR, SMD-LX0707RGB-TR
D22, 19.26, 8.36, 336.00, SMD-LX0707RGB-TR, SMD-LX0707RGB-TR
D23, 21.36, 7.55, 342.00, SMD-LX0707RGB-TR, SMD-LX0707RGB-TR
D24, 23.53, 6.97, 348.00, SMD-LX0707RGB-TR, SMD-LX0707RGB-TR
D25, 25.75, 6.62, 354.00, SMD-LX0707RGB-TR, SMD-LX0707RGB-TR
D26, 28.00, 6.50, 0.00, SMD-LX0707RGB-TR, SMD-LX0707RGB-TR
D27, 30.25, 6.62, 6.00, SMD-LX0707RGB-TR, SMD-LX0707RGB-TR
D28, 32.47, 6.97, 12.00, SMD-LX0707RGB-TR, SMD-LX0707RGB-TR
D29, 34.64, 7.55, 18.00, SMD-LX0707RGB-TR, SMD-LX0707RGB-TR
D3, 13.61, 43.98, 222.00, SMD-LX0707RGB-TR, SMD-LX0707RGB-TR
D30, 36.74, 8.36, 24.00, SMD-LX0707RGB-TR, SMD-LX0707RGB-TR
D31, 38.75, 9.38, 30.00, SMD-LX0707RGB-TR, SMD-LX0707RGB-TR
D32, 40.64, 10.61, 36.00, SMD-LX0707RGB-TR, SMD-LX0707RGB-TR
D33, 42.39, 12.02, 42.00, SMD-LX0707RGB-TR, SMD-LX0707RGB-TR
D34, 43.98, 13.61, 48.00, SMD-LX0707RGB-TR, SMD-LX0707RGB-TR
D35, 45.39, 15.36, 54.00, SMD-LX0707RGB-TR, SMD-LX0707RGB-TR
D36, 46.62, 17.25, 60.00, SMD-LX0707RGB-TR, SMD-LX0707RGB-TR
D37, 47.64, 19.26, 66.00, SMD-LX0707RGB-TR, SMD-LX0707RGB-TR
D38, 48.45, 21.36, 72.00, SMD-LX0707RGB-TR, SMD-LX0707RGB-TR
D39, 49.03, 23.53, 78.00, SMD-LX0707RGB-TR, SMD-LX0707RGB-TR
D4, 12.02, 42.39, 228.00, SMD-LX0707RGB-TR, SMD-LX0707RGB-TR
D40, 49.38, 25.75, 84.00, SMD-LX0707RGB-TR, SMD-LX0707RGB-TR
D41, 49.50, 28.00, 90.00, SMD-LX0707RGB-TR, SMD-LX0707RGB-TR
D42, 49.38, 30.25, 96.00, SMD-LX0707RGB-TR, SMD-LX0707RGB-TR
D43, 49.03, 32.47, 102.00, SMD-LX0707RGB-TR, SMD-LX0707RGB-TR
D44, 48.45, 34.64, 108.00, SMD-LX0707RGB-TR, SMD-LX0707RGB-TR
D45, 47.64, 36.74, 114.00, SMD-LX0707RGB-TR, SMD-LX0707RGB-TR
D46, 46.62, 38.75, 120.00, SMD-LX0707RGB-TR, SMD-LX0707RGB-TR
D47, 45.39, 40.64, 126.00, SMD-LX0707RGB-TR, SMD-LX0707RGB-TR
D48, 43.98, 42.39, 132.00, SMD-LX0707RGB-TR, SMD-LX0707RGB-TR
D49, 42.39, 43.98, 138.00, SMD-LX0707RGB-TR, SMD-LX0707RGB-TR
D5, 10.61, 40.64, 234.00, SMD-LX0707RGB-TR, SMD-LX0707RGB-TR
D50, 40.64, 45.39, 144.00, SMD-LX0707RGB-TR, SMD-LX0707RGB-TR
D51, 38.75, 46.62, 150.00, SMD-LX0707RGB-TR, SMD-LX0707RGB-TR
D52, 36.74, 47.64, 156.00, SMD-LX0707RGB-TR, SMD-LX0707RGB-TR
D53, 34.64, 48.45, 162.00, SMD-LX0707RGB-TR, SMD-LX0707RGB-TR
D54, 32.47, 49.03, 168.00, SMD-LX0707RGB-TR, SMD-LX0707RGB-TR
D55, 30.25, 49.38, 174.00, SMD-LX0707RGB-TR, SMD-LX0707RGB-TR
D56, 28.00, 49.50, 180.00, SMD-LX0707RGB-TR, SMD-LX0707RGB-TR
D57, 25.75, 49.38, 186.00, SMD-LX0707RGB-TR, SMD-LX0707RGB-TR
D58, 23.53, 49.03, 192.00, SMD-LX0707RGB-TR, SMD-LX0707RGB-TR
D59, 21.36, 48.45, 198.00, SMD-LX0707RGB-TR, SMD-LX0707RGB-TR
D6, 9.38, 38.75, 240.00, SMD-LX0707RGB-TR, SMD-LX0707RGB-TR
D60, 19.26, 47.64, 204.00, SMD-LX0707RGB-TR, SMD-LX0707RGB-TR
D7, 8.36, 36.74, 246.00, SMD-LX0707RGB-TR, SMD-LX0707RGB-TR
D8, 7.55, 34.64, 252.00, SMD-LX0707RGB-TR, SMD-LX0707RGB-TR
D9, 6.97, 32.47, 258.00, SMD-LX0707RGB-TR, SMD-LX0707RGB-TR
